id,u
0,0.6143806
1,0.53167754
2,0.8590154
3,0.37178898
4,0.63470626
5,0.6115415
6,0.5739182
7,0.46178925
8,0.17695577
9,0.5992094
10,0.23462017
11,0.08931349
12,-0.031108722
13,0.58930975
14,0.5289946
15,0.08072995
16,0.45435667
17,0.30433473
18,0.6014173
19,0.8456285
20,0.6028464
21,0.42115563
22,0.019467667
23,0.55122155
24,0.4560172
25,0.52984923
26,0.7323612
27,0.9114356
28,0.36043984
29,0.48223144
30,0.70808184
31,0.12952036
32,0.47171485
33,0.99527967
34,0.37225795
35,0.5187306
36,0.7127149
37,0.5586678
38,0.72070855
39,0.54577374
40,0.15815954
41,0.5777796
42,0.4258569
43,0.37535506
44,0.49984795
45,0.7558323
46,0.36087108
47,1.0546468
48,0.54493904
49,0.38718808
50,1.3159875
51,0.8344579
52,-0.040149733
53,0.28317904
54,0.5904907
55,0.2483226
56,1.101974
57,0.5486295
58,0.40526307
59,0.05649896
60,0.476977
61,0.64407444
62,0.3654796
63,0.63436824
64,0.70229113
65,0.8515247
66,0.04732026
67,0.058278725
68,0.4494351
69,0.49336845
70,0.16275151
71,0.24926884
72,0.65773463
73,0.71197927
74,0.48964602
75,0.61998725
76,0.5858912
77,0.5510804
78,0.5378188
79,0.4088539
80,0.4387502
81,0.883742
82,0.5660228
83,0.20106132
84,0.18383934
85,0.6691473
86,0.5425723
87,0.42992955
88,0.4145214
89,0.08358146
90,0.7991229
91,0.3742286
92,0.1161892
93,0.6495364
94,0.27527976
95,0.5834689
96,0.58211136
97,0.50072205
98,0.14138572
99,0.4525119
100,0.5205374
101,0.12839203
102,0.17420138
103,0.5733199
104,0.7696272
105,0.92757773
106,0.42611986
107,0.5736746
108,0.24639854
109,0.72429043
110,0.76885724
111,0.653706
112,0.23352523
113,0.694411
114,0.38196725
115,0.6106188
116,0.64303935
117,0.62229574
118,0.3353331
119,0.5360818
120,0.82693434
121,0.6557932
122,0.831269
123,0.6035099
124,0.21359535
125,0.5811449
126,0.6834221
127,0.25238985
128,0.4317308
129,0.61888653
130,0.56615454
131,0.55206853
132,0.8185376
133,0.59648347
134,0.22977723
135,0.5122936
136,0.49496043
137,0.34338588
138,0.6678395
139,0.09245141
140,0.4119993
141,0.16863503
142,0.6394925
143,0.47010726
144,0.38859278
145,1.0760303
146,0.5930192
147,0.581364
148,0.35986382
149,0.6661575
150,-0.007872984
151,0.6183313
152,0.3199308
153,0.8863218
154,0.1933005
155,0.5804203
156,0.4632373
157,0.09087254
158,0.88197035
159,0.6879543
160,0.7607749
161,0.5718438
162,0.5942652
163,0.62441695
164,0.4258781
165,0.740321
166,0.686165
167,0.42521834
168,0.5498667
169,0.6593497
170,0.57465816
171,0.62249005
172,0.5150925
173,0.24691351
174,0.46827698
175,0.32460284
176,0.777404
177,0.64681065
178,0.6446988
179,0.7288245
180,0.6233808
181,0.2060918
182,0.46388787
183,0.7117436
184,0.85258555
185,0.70183456
186,0.7973475
187,0.52856094
188,0.6261395
189,0.43266135
190,0.50889176
191,0.35703474
192,0.659631
193,0.37903434
194,0.6550579
195,0.57683074
196,0.716754
197,1.018905
198,0.58448917
199,0.57642084
200,0.6292367
201,0.5733778
202,0.59373224
203,0.51649225
204,0.527057
205,0.47533828
206,0.50034386
207,0.13815863
208,0.39635092
209,0.37906492
210,0.480892
211,0.56912434
212,0.59225243
213,0.22629218
214,0.57791007
215,0.4496491
216,0.22749549
217,0.20221363
218,0.54812866
219,1.1995716
220,0.8059474
221,0.8167662
222,0.5866386
223,0.08188832
224,0.5569228
225,0.16625701
226,0.53036016
227,0.76854
228,0.40035588
229,0.44185972
230,0.450253
231,0.61276877
232,0.5668555
233,0.506502
234,0.10096122
235,0.6787636
236,0.4152103
237,0.52332824
238,0.6420666
239,0.65551406
240,0.58735096
241,0.43942738
242,0.18568651
243,0.5888732
244,0.7286196
245,0.9684074
246,0.83141696
247,0.46021855
248,0.5772907
249,0.65861833
250,0.71859574
251,0.96854174
252,0.46551597
253,0.580489
254,0.7617866
255,0.82339597
256,0.5368947
257,0.47832888
258,0.92268574
259,0.62603945
260,0.8557161
261,0.54401505
262,0.72535795
263,0.5107941
264,0.6109679
265,0.6102607
266,0.54113466
267,0.381918
268,0.4383043
269,0.6147982
270,0.6427803
271,0.5301035
272,0.47708172
273,0.41975385
274,0.6833844
275,0.57250136
276,0.38076568
277,0.41345376
278,0.171636
279,0.6193471
280,0.77303493
281,0.42872626
282,0.46057707
283,0.4503755
284,0.69264054
285,0.6498532
286,0.37694943
287,0.60116935
288,0.5656434
289,0.79133487
290,0.45227653
291,0.43523043
292,0.4304068
293,0.5312975
294,0.584245
295,0.5284781
296,0.56868017
297,0.5868476
298,0.5272738
299,0.23636962
300,0.5362255
301,0.2620446
302,0.6874403
303,0.46483368
304,0.55808675
305,0.15707402
306,0.63990486
307,0.85929334
308,0.8544147
309,0.29638308
310,0.6222842
311,0.37581056
312,0.57856655
313,0.22068311
314,0.46295047
315,0.3273239
316,0.43601054
317,0.6083055
318,1.1081147
319,0.56242883
320,0.3069557
321,0.5585849
322,0.7064885
323,0.70639753
324,0.5342374
325,0.6286359
326,0.36754966
327,0.63441277
328,0.58125
329,-0.0047584325
330,0.78188545
331,0.5386573
332,0.7970165
333,0.28259593
334,0.5746745
335,0.5697527
336,0.6330341
337,0.66853964
338,0.7676084
339,0.36526543
340,0.54475385
341,0.60856634
342,0.30152142
343,0.6984674
344,0.6032351
345,0.264499
346,0.5793479
347,0.4920557
348,0.5575468
349,0.32779792
350,0.8146727
351,0.4564616
352,0.7350427
353,0.35628855
354,0.5777144
355,0.4503761
356,0.5213804
357,0.6213127
358,0.061924294
359,0.5060355
360,0.792781
361,0.5701401
362,0.4889763
363,0.62172914
364,0.6882723
365,0.6598918
366,0.06694411
367,0.7726947
368,0.29574734
369,0.5288815
370,0.34269285
371,0.73871106
372,0.35371977
373,0.68435246
374,0.6633364
375,0.6229235
376,0.6976474
377,0.44287294
378,0.070981726
379,0.85069275
380,0.3637113
381,0.23906486
382,0.30609465
383,0.25395936
384,0.6108813
385,0.078266695
386,0.4026478
387,0.2730255
388,0.4909439
389,0.76949334
390,0.32890886
391,0.4634424
392,0.5819453
393,0.5695609
394,0.79612386
395,0.17414536
396,0.47055596
397,0.05696042
398,0.73333687
399,0.5497473
400,0.06492253
401,0.6544662
402,0.8292122
403,0.43578595
404,0.5333919
405,0.7595453
406,0.61176026
407,0.5357392
408,0.5811184
409,0.7369108
410,0.74746555
411,0.61901695
412,0.538176
413,0.23338439
414,0.61778545
415,0.3626874
416,1.0137951
417,0.7817643
418,0.18848166
419,0.32421517
420,0.6578295
421,0.6937319
422,0.05961843
423,0.42403233
424,0.64462805
425,0.49015903
426,0.62544996
427,0.47706252
428,0.7349719
429,0.65988696
430,0.6045246
431,0.50280243
432,0.84948236
433,0.51161814
434,0.22069941
435,0.6315024
436,0.06891315
437,0.5331928
438,-0.010621056
439,0.039027467
440,0.61718124
441,0.87388146
442,0.5173364
443,0.694584
444,0.9015798
445,0.5289251
446,0.6962612
447,0.33894497
448,0.18624893
449,0.51001966
450,0.56310534
451,0.43418652
452,0.9712244
453,0.62664676
454,0.50067955
455,0.34829867
456,0.18753706
457,0.3938874
458,0.17162992
459,0.61461353
460,0.4857692
461,0.57497096
462,0.09825443
463,0.5441709
464,0.44027585
465,0.6740095
466,0.20222889
467,0.7163309
468,0.083047554
469,0.4589156
470,0.5117912
471,0.6616594
472,0.54988223
473,0.7145409
474,0.33731514
475,0.7001179
476,0.22291462
477,1.2217616
478,0.6667629
479,0.4983713
480,0.8193901
481,0.56414354
482,0.27482688
483,0.594508
484,0.44938248
485,0.58607614
486,0.5906419
487,0.060839966
488,0.161631
489,0.27638996
490,0.6840749
491,0.6296044
492,0.4850737
493,0.5449651
494,0.51980263
495,0.4595741
496,0.7265407
497,0.6161355
498,0.65233976
499,0.2198676
500,0.57872725
501,0.19231133
502,0.6112016
503,0.055034354
504,0.42221278
505,0.5852138
506,0.36538202
507,0.29094023
508,0.60804784
509,0.4399147
510,0.48667872
511,0.25444484
512,0.88994867
513,0.43877524
514,0.085791394
515,0.5266231
516,0.41411602
517,0.22937216
518,0.44923025
519,0.68843055
520,0.28023297
521,0.75993675
522,0.7143477
523,0.08755578
524,0.84856725
525,0.25994664
526,0.28086323
527,0.38063222
528,0.3737489
529,0.41199654
530,0.69220865
531,0.57786393
532,0.9042504
533,0.38816428
534,0.49422765
535,0.7728368
536,0.6465089
537,0.47700846
538,0.6533401
539,0.8718957
540,0.5668674
541,0.108141005
542,0.5601398
543,0.42428583
544,0.5888619
545,0.55726093
546,0.5120134
547,0.40894318
548,0.55832356
549,0.32585418
550,0.528413
551,0.7808269
552,0.46394902
553,0.7608944
554,0.5628832
555,0.30720377
556,0.1892028
557,0.30043608
558,0.6259787
559,0.60995394
560,0.5414328
561,0.6523788
562,0.1957889
563,0.70153916
564,0.7808155
565,0.43168223
566,0.62205625
567,0.18067677
568,0.7100754
569,0.3493232
570,0.26533675
571,0.579967
572,0.6003182
573,0.2205887
574,0.5531531
575,0.6362091
576,0.5019676
577,0.5474272
578,0.20583715
579,0.8009342
580,0.5575318
581,0.15433607
582,0.12478967
583,0.6151614
584,0.5872396
585,0.60276836
586,0.6236409
587,0.5116304
588,0.54791373
589,0.61012965
590,0.4956907
591,0.45297605
592,0.7706715
593,0.40025848
594,0.34375358
595,0.6354147
596,0.52162606
597,0.26805747
598,0.69972813
599,0.7328466
